<?xml version="1.0" encoding="UTF-8"?>
<beans:beans xmlns="http://www.springframework.org/schema/security"
	xmlns:beans="http://www.springframework.org/schema/beans" 
	xmlns:xsi="http://www.w3.org/2001/XMLSchema-instance"
	xsi:schemaLocation="http://www.springframework.org/schema/beans
	http://www.springframework.org/schema/beans/spring-beans-3.1.xsd
	http://www.springframework.org/schema/security
	http://www.springframework.org/schema/security/spring-security-3.1.xsd">
	<beans:import resource="spring-servlet.xml"/>
	<http auto-config="true">
	<intercept-url pattern="/" access="IS_AUTHENTICATED_ANONYMOUSLY"/>
	  <intercept-url pattern="/logoutpage" access="IS_AUTHENTICATED_ANONYMOUSLY"/>
      <intercept-url pattern="/addadmin" access="ROLE_ADMIN"/>
      <intercept-url pattern="/addusercode" access="ROLE_ADMIN"/>
      <intercept-url pattern="/useradded" access="ROLE_ADMIN"/>
      <intercept-url pattern="/viewuser" access="ROLE_ADMIN"/>
      <intercept-url pattern="/show" access="ROLE_USER"/>
      <intercept-url pattern="/add" access="ROLE_USER"/>
      <intercept-url pattern="/link" access="ROLE_USER"/>
      <intercept-url pattern="/addcustomercode" access="ROLE_USER"/>
      <intercept-url pattern="/added" access="ROLE_USER"/>
      <intercept-url pattern="/single" access="ROLE_USER"/>
      <intercept-url pattern="/viewcustomer" access="ROLE_USER"/>
      <intercept-url pattern="/multiple" access="ROLE_USER"/>
      <intercept-url pattern="/update" access="ROLE_USER"/>
      <intercept-url pattern="/updatecode" access="ROLE_USER"/>
      <intercept-url pattern="/updated" access="ROLE_USER"/>
      <intercept-url pattern="/delete" access="ROLE_USER"/>
      <intercept-url pattern="/deletecustomer" access="ROLE_USER"/>
	<intercept-url pattern="/logout" access="ROLE_USER,ROLE_ADMIN"/>
 <form-login login-page="/" authentication-success-handler-ref="authSuccessHandler" />
	<logout logout-success-url="/logoutpage"/>
	<access-denied-handler error-page="/accessdenied"/>
	</http >	
	<authentication-manager>
	<authentication-provider>
	
	 <jdbc-user-service data-source-ref="dataSource" 
		  users-by-username-query=
		   "select USERNAME,PASSWORD,ENABLED from USER_HEMU where USERNAME=?"
		  authorities-by-username-query=
		    "select USERNAME, ROLENAME from USER_HEMU inner join ROLE_HEMU on USER_HEMU.ROLEID=ROLE_HEMU.ROLEID where USER_HEMU.USERNAME=?"/>  
	 <password-encoder ref="encoder"/>
	 </authentication-provider>
	   </authentication-manager>

</beans:beans>